apron,fcategory,dis_type,in_huaxing,out_huaxing,mession,airline,aircraft_type
101,I,N,L4,L4,"3,D,M,Y,Z","2P,3K,3U,5J,7P,8M,AE,AF,AI,AK,AY,B7,BR,CI,CZ,EK,ET,FD,GA,GE,H8,HU,IA,IW,IY,JL,JT,K6,KA,KE,KQ,LH,MH,MK,MS,NH,NN,NW,O8,OX,OZ,PR,QR,QV,RJ,SG,SJ,SL,SQ,SU,SV,TG,TK,TR,TW,U6,UB,UL,UM,VN,ZB,MU,ZH,9C,TZ,JD,NL,W5","312,313,319,320,321,32B,32V,732,733,734,735,736,738,73G,73H,73W,752,762,AB6,T20"
102,I,N,L4,L4,"3,D,M,Y,Z","2P,3K,3U,5J,7P,8M,AE,AF,AI,AK,AY,B7,BR,CI,CZ,EK,ET,FD,GA,GE,H8,HU,IA,IW,IY,JL,JT,K6,KA,KE,KQ,LH,MH,MK,MS,NH,NN,NW,O8,OX,OZ,PR,QR,QV,RJ,SG,SJ,SL,SQ,SU,SV,TG,TK,TR,TW,U6,UB,UL,UM,VN,ZB,MU,ZH,9C,TZ,JD,NL,W5","312,313,319,320,321,32B,32V,732,733,734,735,736,738,73G,73H,73W,752,762,763,AB6,T20"
103,I,N,L4,L4,"3,D,M,Y,Z","2P,3K,3U,5J,7P,8M,AE,AF,AI,AK,AY,B7,BR,CI,CZ,EK,ET,FD,GA,GE,H8,HU,IA,IW,IY,JL,JT,K6,KA,KE,KQ,LH,MH,MK,MS,NH,NN,NW,O8,OX,OZ,PR,QR,QV,RJ,SG,SJ,SL,SQ,SU,SV,TG,TK,TR,TW,U6,UB,UL,UM,VN,ZB,MU,ZH,9C,TZ,JD,NL,W5","312,313,319,320,321,32B,32V,332,333,342,343,345,346,732,733,734,735,736,738,739,73G,73H,73W,741,742,743,744,74L,752,762,763,772,773,788,789,AB6,D10,M11"
104,I,N,L4,L4,"3,D,M,Y,Z","2P,3K,3U,5J,7P,8M,AE,AF,AI,AK,AY,B7,BR,CI,CZ,EK,ET,FD,GA,GE,H8,HU,IA,IW,IY,JL,JT,K6,KA,KE,KQ,LH,MH,MK,MS,NH,NN,NW,O8,OX,OZ,PR,QR,QV,RJ,SG,SJ,SL,SQ,SU,SV,TG,TK,TR,TW,U6,UB,UL,UM,VN,ZB,MU,ZH,9C,TZ,JD,NL,W5","312,313,319,320,321,32B,32V,332,333,342,343,345,346,732,733,734,735,736,738,739,73G,73H,73W,741,742,743,744,74L,752,762,763,772,773,788,789,AB6,D10,M11"
105,I,N,L4,L4,"3,D,M,Y,Z","2P,3K,3U,5J,7P,8M,AE,AF,AI,AK,AY,B7,BR,CI,CZ,EK,ET,FD,GA,GE,H8,HU,IA,IW,IY,JL,JT,K6,KA,KE,KQ,LH,MH,MK,MS,NH,NN,NW,O8,OX,OZ,PR,QR,QV,RJ,SG,SJ,SL,SQ,SU,SV,TG,TK,TR,TW,U6,UB,UL,UM,VN,ZB,MU,ZH,9C,TZ,JD,NL,W5","319,320,321,32B,32V,332,333,342,343,345,346,388,741,742,743,744,752,762,763,772,773,788,789,AB6,D10,M11,T20"
106,I,N,L4,L4,"3,D,M,Y,Z","2P,3K,3U,5J,7P,8M,AE,AF,AI,AK,AY,B7,BR,CI,CZ,EK,ET,FD,GA,GE,H8,HU,IA,IW,IY,JL,JT,K6,KA,KE,KQ,LH,MH,MK,MS,NH,NN,NW,O8,OX,OZ,PR,QR,QV,RJ,SG,SJ,SL,SQ,SU,SV,TG,TK,TR,TW,U6,UB,UL,UM,VN,ZB,MU,ZH,9C,TZ,JD,NL,W5","312,313,321,32B,32V,332,333,342,343,345,346,388,744,748,752,762,763,772,773,788,789,AB6,D10,M11"
107,I,N,L5,L5,"3,D,M,Y,Z","2P,3K,3U,5J,7P,8M,AE,AF,AI,AK,AY,B7,BR,CI,CZ,EK,ET,FD,GA,GE,H8,HU,IA,IW,IY,JL,JT,K6,KA,KE,KQ,LH,MH,MK,MS,NH,NN,NW,O8,OX,OZ,PR,QR,QV,RJ,SG,SJ,SL,SQ,SU,SV,TG,TK,TR,TW,U6,UB,UL,UM,VN,ZB,MU,ZH,9C,TZ,JD,NL,W5","312,313,319,320,321,32B,32V,732,733,734,735,736,738,739,73G,73H,73W,752,762,763,AB6,T20"
108,I,N,L5,L5,"3,D,M,Y,Z","2P,3K,3U,5J,7P,8M,AE,AF,AI,AK,AY,B7,BR,CI,CZ,EK,ET,FD,GA,GE,H8,HU,IA,IW,IY,JL,JT,K6,KA,KE,KQ,LH,MH,MK,MS,NH,NN,NW,O8,OX,OZ,PR,QR,QV,RJ,SG,SJ,SL,SQ,SU,SV,TG,TK,TR,TW,U6,UB,UL,UM,VN,ZB,MU,ZH,9C,TZ,JD,NL,W5","312,313,319,320,321,32B,32V,732,733,734,735,736,738,73G,73H,73W,752,762,763,AB6,T20"
109,I,N,L5,L5,"3,D,M,Y,Z","2P,3K,3U,5J,7P,8M,AE,AF,AI,AK,AY,B7,BR,CI,CZ,EK,ET,FD,GA,GE,H8,HU,IA,IW,IY,JL,JT,K6,KA,KE,KQ,LH,MH,MK,MS,NH,NN,NW,O8,OX,OZ,PR,QR,QV,RJ,SG,SJ,SL,SQ,SU,SV,TG,TK,TR,TW,U6,UB,UL,UM,VN,ZB,MU,ZH,9C,TZ,JD,NL,W5","312,313,319,320,321,32B,32V,332,333,342,343,345,346,732,733,734,735,736,738,739,73G,73H,73W,741,742,743,744,752,762,763,772,773,788,AB6,D10,M11"
110,I,N,L5,L5,"3,D,M,Y,Z","2P,3K,3U,5J,7P,8M,AE,AF,AI,AK,AY,B7,BR,CI,CZ,EK,ET,FD,GA,GE,H8,HU,IA,IW,IY,JL,JT,K6,KA,KE,KQ,LH,MH,MK,MS,NH,NN,NW,O8,OX,OZ,PR,QR,QV,RJ,SG,SJ,SL,SQ,SU,SV,TG,TK,TR,TW,U6,UB,UL,UM,VN,ZB,MU,ZH,9C,TZ,JD,NL,W5","312,313,319,320,321,32B,32V,332,333,342,343,345,346,732,733,734,735,736,738,739,73G,73H,73W,741,742,743,744,752,762,763,772,773,788,789,AB6,D10,M11"
111,I,N,L5,L5,"3,D,M,Y,Z","2P,3K,3U,5J,7P,8M,AE,AF,AI,AK,AY,B7,BR,CI,CZ,EK,ET,FD,GA,GE,H8,HU,IA,IW,IY,JL,JT,K6,KA,KE,KQ,LH,MH,MK,MS,NH,NN,NW,O8,OX,OZ,PR,QR,QV,RJ,SG,SJ,SL,SQ,SU,SV,TG,TK,TR,TW,U6,UB,UL,UM,VN,ZB,MU,ZH,9C,TZ,JD,NL,W5","312,313,319,320,321,32B,32V,732,733,734,735,736,738,739,73G,73H,73W,752,762,763,76W,AB6,T20"
112,I,N,L5,L5,"3,D,M,Y,Z","2P,3K,3U,5J,7P,8M,AE,AF,AI,AK,AY,B7,BR,CI,CZ,EK,ET,FD,GA,GE,H8,HU,IA,IW,IY,JL,JT,K6,KA,KE,KQ,LH,MH,MK,MS,NH,NN,NW,O8,OX,OZ,PR,QR,QV,RJ,SG,SJ,SL,SQ,SU,SV,TG,TK,TR,TW,U6,UB,UL,UM,VN,ZB,MU,ZH,9C,TZ,JD,NL,W5","312,313,319,320,321,32B,32V,732,733,734,735,736,738,739,73G,73H,73W,752,762,763,AB6,T20"
113,I,N,L6,L6,"3,D,Y,Z","2P,3K,3U,5J,7P,8M,AE,AF,AI,AK,AY,B7,BR,CI,CZ,EK,ET,FD,GA,GE,H8,HU,IA,IW,IY,JL,JT,K6,KA,KE,KQ,LH,MH,MK,MS,NH,NN,NW,O8,OX,OZ,PR,QR,QV,RJ,SG,SJ,SL,SQ,SU,SV,TG,TK,TR,TW,U6,UB,UL,UM,VN,ZB,MU,ZH,9C,TZ,JD,NL,W5","312,313,319,320,321,32B,32V,732,733,734,735,736,738,739,73G,73H,73W,752,762,763,AB6"
114,I,N,L6,L6,"3,D,Y,Z","2P,3K,3U,5J,7P,8M,AE,AF,AI,AK,AY,B7,BR,CI,CZ,EK,ET,FD,GA,GE,H8,HU,IA,IW,IY,JL,JT,K6,KA,KE,KQ,LH,MH,MK,MS,NH,NN,NW,O8,OX,OZ,PR,QR,QV,RJ,SG,SJ,SL,SQ,SU,SV,TG,TK,TR,TW,U6,UB,UL,UM,VN,ZB,MU,ZH,9C,TZ,JD,NL,W5","319,320,321,733,734,735,736,738"
115,I,N,L6,L6,"3,D,Y,Z","2P,3K,3U,5J,7P,8M,AE,AF,AI,AK,AY,B7,BR,CI,CZ,EK,ET,FD,GA,GE,H8,HU,IA,IW,IY,JL,JT,K6,KA,KE,KQ,LH,MH,MK,MS,NH,NN,NW,O8,OX,OZ,PR,QR,QV,RJ,SG,SJ,SL,SQ,SU,SV,TG,TK,TR,TW,U6,UB,UL,UM,VN,ZB,MU,ZH,9C,TZ,JD,NL,W5","319,320,321,32B,733,734,735,736,738,73G,73H,73W"
116,I,N,L6,L6,"3,D,Y,Z","2P,3K,3U,5J,7P,8M,AE,AF,AI,AK,AY,B7,BR,CI,CZ,EK,ET,FD,GA,GE,H8,HU,IA,IW,IY,JL,JT,K6,KA,KE,KQ,LH,MH,MK,MS,NH,NN,NW,O8,OX,OZ,PR,QR,QV,RJ,SG,SJ,SL,SQ,SU,SV,TG,TK,TR,TW,U6,UB,UL,UM,VN,ZB,MU,ZH,9C,TZ,JD,NL,W5","312,313,319,320,321,32B,32V,332,333,343,732,733,734,735,736,738,73G,73H,73W,741,742,743,744,752,762,763,772,788,789,AB6,D10,M11"
117,I,N,L6,L6,"3,D,Y,Z","2P,3K,3U,5J,7P,8M,AE,AF,AI,AK,AY,B7,BR,CI,CZ,EK,ET,FD,GA,GE,H8,HU,IA,IW,IY,JL,JT,K6,KA,KE,KQ,LH,MH,MK,MS,NH,NN,NW,O8,OX,OZ,PR,QR,QV,RJ,SG,SJ,SL,SQ,SU,SV,TG,TK,TR,TW,U6,UB,UL,UM,VN,ZB,MU,ZH,9C,TZ,JD,NL,W5","312,313,321,32B,32V,332,333,342,343,345,346,388,744,748,752,753,762,763,772,773,788,789,AB6,D10,M11"
118,I,N,L7,L7,"3,D,Y,Z","2P,3K,3U,5J,7P,8M,AE,AF,AI,AK,AY,B7,BR,CI,CZ,EK,ET,FD,GA,GE,H8,HU,IA,IW,IY,JL,JT,K6,KA,KE,KQ,LH,MH,MK,MS,NH,NN,NW,O8,OX,OZ,PR,QR,QV,RJ,SG,SJ,SL,SQ,SU,SV,TG,TK,TR,TW,U6,UB,UL,UM,VN,ZB,MU,ZH,9C,TZ,JD,NL,W5","312,313,319,320,321,32B,32V,732,733,734,735,736,738,739,73G,73H,73W,752,762,763,AB6"
119,I,N,L7,L7,"3,D,Y,Z","2P,3K,3U,5J,7P,8M,AE,AF,AI,AK,AY,B7,BR,CI,CZ,EK,ET,FD,GA,GE,H8,HU,IA,IW,IY,JL,JT,K6,KA,KE,KQ,LH,MH,MK,MS,NH,NN,NW,O8,OX,OZ,PR,QR,QV,RJ,SG,SJ,SL,SQ,SU,SV,TG,TK,TR,TW,U6,UB,UL,UM,VN,ZB,MU,ZH,9C,TZ,JD,NL,W5","312,313,319,320,321,32B,32V,732,733,734,735,736,738,739,73G,73H,73W,752,762,763,AB6"
120,I,N,L7,L7,"3,D,Y,Z","2P,3K,3U,5J,7P,8M,AE,AF,AI,AK,AY,B7,BR,CI,CZ,EK,ET,FD,GA,GE,H8,HU,IA,IW,IY,JL,JT,K6,KA,KE,KQ,LH,MH,MK,MS,NH,NN,NW,O8,OX,OZ,PR,QR,QV,RJ,SG,SJ,SL,SQ,SU,SV,TG,TK,TR,TW,U6,UB,UL,UM,VN,ZB,MU,ZH,9C,TZ,JD,NL,W5","312,313,319,320,321,32B,32V,732,733,734,735,736,738,739,73G,73H,73W,752,762,763,AB6"
121,I,N,L7,L7,"3,D,Y,Z","2P,3K,3U,5J,7P,8M,AE,AF,AI,AK,AY,B7,BR,CI,CZ,EK,ET,FD,GA,GE,H8,HU,IA,IW,IY,JL,JT,K6,KA,KE,KQ,LH,MH,MK,MS,NH,NN,NW,O8,OX,OZ,PR,QR,QV,RJ,SG,SJ,SL,SQ,SU,SV,TG,TK,TR,TW,U6,UB,UL,UM,VN,ZB,MU,ZH,9C,TZ,JD,NL,W5","312,313,319,320,321,32B,32V,732,733,734,735,736,738,739,73G,73H,73W,752,762,763,76W,AB6"
122,I,N,L7,L7,"3,D,Y,Z","2P,3K,3U,5J,7P,8M,AE,AF,AI,AK,AY,B7,BR,CI,CZ,EK,ET,FD,GA,GE,H8,HU,IA,IW,IY,JL,JT,K6,KA,KE,KQ,LH,MH,MK,MS,NH,NN,NW,O8,OX,OZ,PR,QR,QV,RJ,SG,SJ,SL,SQ,SU,SV,TG,TK,TR,TW,U6,UB,UL,UM,VN,ZB,MU,ZH,9C,TZ,JD,NL,W5","319,320,32V,732,733,734,735,736,738,73G,73H,73W"
123,I,N,L7,L7,"3,D,Y,Z","2P,3K,3U,5J,7P,8M,AE,AF,AI,AK,AY,B7,BR,CI,CZ,EK,ET,FD,GA,GE,H8,HU,IA,IW,IY,JL,JT,K6,KA,KE,KQ,LH,MH,MK,MS,NH,NN,NW,O8,OX,OZ,PR,QR,QV,RJ,SG,SJ,SL,SQ,SU,SV,TG,TK,TR,TW,U6,UB,UL,UM,VN,ZB,MU,ZH,9C,TZ,JD,NL,W5","319,320,32V,732,733,734,735,736,738,73G,73H,73W"
124,D,N,L8,L8,"3,D,Y,Z","9C,BK,CA,GJ,HO,KY,SC,ZH","732,733,734,735,736,738,73G,73H,73W"
125,D,N,L8,L8,"3,D,Y,Z","9C,BK,CA,GJ,HO,KY,SC,ZH","312,313,319,320,321,32B,32V,732,733,734,735,736,738,739,73G,73H,73W,752,762,763,AB6"
126,D,N,L8,L8,"3,D,Y,Z","9C,BK,CA,GJ,HO,KY,SC,ZH","312,313,319,320,321,32B,32V,732,733,734,735,736,738,739,73G,73H,73W,752,762,763,AB6"
127,D,N,L8,L8,"3,D,Y,Z","9C,BK,CA,GJ,HO,KY,SC,ZH","319,320,32V,732,733,734,735,736,738,73G,73H,73W"
128,D,N,L8,L8,"3,D,Y,Z","9C,BK,CA,GJ,HO,KY,SC,ZH","312,320,321,32B,32V,332,333,342,343,346,744,752,762,763,772,773,788,789,AB6,D10,M11"
129,D,N,L9,L9,"3,D,Y,Z","9C,BK,CA,GJ,HO,KY,SC,ZH","312,319,320,321,32B,32V,332,333,342,343,345,346,388,744,748,752,762,763,772,773,788,789,AB6,D10,M11"
130,D,N,L9,L9,"3,D,Y,Z","9C,BK,CA,GJ,HO,KY,SC,ZH","312,319,320,321,32B,32V,732,733,734,735,736,738,739,73G,73H,73W,752,762,763,AB6"
131,D,N,L9,L9,"3,D,Y,Z","9C,BK,CA,GJ,HO,KY,SC,ZH","312,319,320,321,32B,32V,732,733,734,735,736,738,739,73G,73H,73W,752,762,763,76W,AB6"
132,D,N,L9,L9,"3,D,Y,Z","9C,BK,CA,GJ,HO,KY,SC,ZH","312,319,320,321,32B,32V,732,733,734,735,736,738,739,73G,73H,73W,752,762,763,AB6"
133,D,N,L9,L9,"3,D,Y,Z","9C,BK,CA,GJ,HO,KY,SC,ZH","319,320,732,733,734,735,736,738,73G"
135,D,F,L9,L9,"2,3,D,Y,Z","9C,BK,CA,GJ,HO,KY,SC,ZH","319,320,732,733,734,735,736,738,73G,E90"
136,D,F,L9,L9,"2,3,D,Y,Z","9C,BK,CA,GJ,HO,KY,SC,ZH","319,320,32V,732,733,734,735,736,738,73G,73H,73W,E90"
137,D,F,L9,L9,"2,3,D,Y,Z","9C,BK,CA,GJ,HO,KY,SC,ZH","319,320,32V,732,733,734,735,736,738,73G,73H,73W,E90"
138,D,F,L9,L9,"2,3,D,Y,Z","9C,BK,CA,GJ,HO,KY,SC,ZH","319,320,32V,732,733,734,735,736,738,73G,73H,73W,E90"
139,D,F,L9,L9,"2,3,D,Y,Z","9C,BK,CA,GJ,HO,KY,SC,ZH","319,320,732,733,734,735,736,738,73G,E90"
140,D,F,L9,L9,"2,3,D,Y,Z","9C,BK,CA,GJ,HO,KY,SC,ZH","312,319,320,321,32B,32V,332,333,342,343,345,346,388,732,733,734,735,736,738,739,73G,73H,73W,741,742,743,744,748,752,762,763,772,773,788,789,AB6,D10,M11,M82,M90"
201,D,N,J6,J6,"3,D,Y,Z","CZ,MF,NS,OQ","312,313,319,320,321,32B,32V,332,342,732,733,734,735,736,738,73G,73H,73W,752,762,763,788,AB6"
202,D,N,J6,J6,"3,D,Y,Z","CZ,MF,NS,OQ","312,313,319,320,321,32B,32V,732,733,734,735,736,738,739,73G,73H,73W,752,762,763,AB6"
203,D,N,J6,J6,"3,D,Y,Z","CZ,MF,NS,OQ","312,313,319,320,321,32B,32V,332,333,342,343,732,733,734,735,736,738,739,73G,73H,73W,752,762,763,772,788,789,AB6,D10,M11"
204,D,N,J6,J6,"3,D,Y,Z","CZ,MF,NS,OQ","312,313,319,320,321,32B,32V,332,333,342,343,732,733,734,735,736,738,739,73G,73H,73W,752,762,763,772,788,789,AB6,D10,M11"
205,D,N,J6,J6,"3,D,Y,Z","CZ,MF,NS,OQ","312,313,319,320,321,32B,32V,332,333,342,343,732,733,734,735,736,738,739,73G,73H,73W,752,762,763,772,788,789,AB6,D10,M11"
206,D,N,J6,J6,"3,D,Y,Z","CZ,MF,NS,OQ","312,313,319,320,321,32B,32V,332,333,342,343,345,346,732,733,734,735,736,738,739,73G,73H,73W,741,742,743,744,752,762,763,772,773,AB6,D10,M11"
207,D,N,J7,J7,"3,D,Y,Z","CZ,MF,NS,OQ","312,313,319,320,321,32B,32V,332,333,342,343,345,346,732,733,734,735,736,738,739,73G,73H,73W,741,742,743,744,752,762,763,772,773,788,AB6,D10,M11"
208,D,N,J7,J7,"3,D,Y,Z","CZ,MF,NS,OQ","312,313,319,320,321,32B,32V,732,733,734,735,736,738,73G,73H,73W,752,762,763,AB6"
209,D,N,J7,J7,"3,D,Y,Z","CZ,MF,NS,OQ","312,313,319,320,321,32B,32V,732,733,734,735,736,738,739,73G,73H,73W,752,762,763,76W,AB6"
210,D,N,J7,J7,"3,D,Y,Z","CZ,MF,NS,OQ","312,313,319,320,321,32B,32V,732,733,734,735,736,738,739,73G,73H,73W,752,762,763,AB6"
211,D,N,J7,J7,"3,D,Y,Z","CZ,MF,NS,OQ","312,313,319,320,321,32B,32V,732,733,734,735,736,738,739,73G,73H,73W,752,762,763,76W,AB6"
212,D,N,J7,J7,"3,D,Y,Z","CZ,MF,NS,OQ","312,313,319,320,321,32B,32V,732,733,734,735,736,738,739,73G,73H,73W,752,762,763,AB6"
213,D,N,J7,J7,"3,D,Y,Z","CZ,MF,NS,OQ","312,313,319,320,321,32B,32V,732,733,734,735,736,738,739,73G,73H,73W,752,762,763,AB6"
214,D,N,J8,J8,"3,D,Y,Z","CZ,MF,NS,OQ","319,320,32V,732,733,734,735,736,738,73G,73H,73W"
215,D,N,J8,J8,"3,D,Y,Z","CZ,MF,NS,OQ","312,313,319,320,321,32B,32V,732,733,734,735,736,738,739,73G,73H,73W,752,762,763,76W,AB6"
216,D,N,J8,J8,"3,D,Y,Z","CZ,MF,NS,OQ","312,313,319,320,321,32B,32V,732,733,734,735,736,738,739,73G,73H,73W,752,762,763,AB6"
217,D,N,J8,J8,"3,D,Y,Z","CZ,MF,NS,OQ","312,313,319,320,321,32B,32V,732,733,734,735,736,738,739,73G,73H,73W,752,762,763,AB6"
218,D,N,J8,J8,"3,D,Y,Z","CZ,MF,NS,OQ","312,313,319,320,321,32B,32V,332,333,342,343,345,346,732,733,734,735,736,738,739,73G,73H,73W,741,742,743,744,752,762,763,772,773,788,789,AB6,D10,M11"
219,D,N,J9,J9,"3,D,Y,Z","CZ,MF,NS,OQ","312,313,319,320,321,32B,32V,732,733,734,735,736,738,739,73G,73H,73W,752,762,763,AB6"
220,D,N,J9,J9,"3,D,Y,Z","CZ,MF,NS,OQ","312,313,319,320,321,32B,32V,332,333,342,343,732,733,734,735,736,738,739,73G,73H,73W,741,742,743,744,752,762,763,772,788,789,AB6,D10,M11"
221,D,N,J9,J9,"3,D,Y,Z","CZ,MF,NS,OQ","312,313,319,320,321,32B,32V,332,333,342,343,732,733,734,735,736,738,739,73G,73H,73W,752,762,763,772,788,789,AB6,D10,M11"
222,D,N,J9,J9,"3,D,Y,Z","CZ,MF,NS,OQ","312,313,319,320,321,32B,32V,332,333,342,343,732,733,734,735,736,738,739,73G,73H,73W,752,762,763,772,788,789,AB6,D10,M11"
223,D,N,J9,J9,"3,D,Y,Z","CZ,MF,NS,OQ","312,313,319,320,321,32B,32V,732,733,734,735,736,738,739,73G,73H,73W,752,762,763,AB6"
224,D,N,J10,J10,"3,D,Y,Z","3U,AQ,EU,FM,GS,HU,JD,KN,MU,PN","732,733,734,735,736,738,73G,E90"
225,D,N,J10,J10,"3,D,Y,Z","3U,AQ,EU,FM,GS,HU,JD,KN,MU,PN","732,733,734,735,736,738,73G,73H,73W"
226,D,N,J10,J10,"3,D,Y,Z","3U,AQ,EU,FM,GS,HU,JD,KN,MU,PN","732,733,734,735,736,738,73G,73H,73W,E90"
227,D,N,J10,J10,"3,D,Y,Z","3U,AQ,EU,FM,GS,HU,JD,KN,MU,PN","319,320,32V,732,733,734,735,736,738,73G,73H,73W,E90"
228,D,N,J10,J10,"3,D,Y,Z","3U,AQ,EU,FM,GS,HU,JD,KN,MU,PN","312,313,319,320,321,32B,32V,752,762,763,AB6"
229,D,N,J10,J10,"3,D,Y,Z","3U,AQ,EU,FM,GS,HU,JD,KN,MU,PN","312,320,321,32B,32V,332,333,342,343,346,741,742,743,744,752,762,763,772,773,788,789,AB6,D10,M11"
230,D,N,,,"3,D,Y,Z","3U,AQ,EU,FM,GS,HU,JD,KN,MU,PN","312,313,319,320,321,32B,32V,752,762,763,AB6"
231,D,N,J11,J11,"3,D,Y,Z","3U,AQ,EU,FM,GS,HU,JD,KN,MU,PN","312,320,321,32B,32V,332,333,342,343,346,741,742,743,744,752,762,763,772,773,788,789,AB6,D10,M11"
232,D,N,J11,J11,"3,D,Y,Z","3U,AQ,EU,FM,GS,HU,JD,KN,MU,PN","312,319,320,321,32B,32V,732,733,734,735,736,738,739,73G,73H,73W,752,E90"
233,D,N,J11,J11,"3,D,Y,Z","3U,AQ,EU,FM,GS,HU,JD,KN,MU,PN","312,319,320,321,32B,32V,732,733,734,735,736,738,739,73G,73H,73W,752,762,763,AB6,E90"
234,D,N,J11,J11,"3,D,Y,Z","3U,AQ,EU,FM,GS,HU,JD,KN,MU,PN","312,319,320,321,32B,32V,732,733,734,735,736,738,739,73G,73H,73W,752,762,763,AB6,E90"
235,D,N,J11,J11,"3,D,Y,Z","3U,AQ,EU,FM,GS,HU,JD,KN,MU,PN","319,320,732,733,734,735,736,738,73G,E90"
236,D,F,J11,J11,"2,3,D,Y,Z","3U,AQ,EU,FM,GS,HU,JD,KN,MU,PN","319,320,732,733,734,735,736,738,73G,E90,G45,G55"
237,D,F,J11,J11,"2,3,D,Y,Z","3U,AQ,EU,FM,GS,HU,JD,KN,MU,PN","319,320,32V,732,733,734,735,736,738,73G,73H,73W,E90,G45,G55"
238,D,F,J11,J11,"2,3,D,Y,Z","3U,AQ,EU,FM,GS,HU,JD,KN,MU,PN","319,320,732,733,734,735,736,738,73G,E90,G45,G55"
239,D,F,J11,J11,"2,3,D,Y,Z","3U,AQ,EU,FM,GS,HU,JD,KN,MU,PN","319,320,732,733,734,735,736,738,73G,E90,G45,G55"
240,D,F,,,"2,3,D,Y,Z","3U,AQ,EU,FM,GS,HU,JD,KN,MU,PN","312,319,320,321,32B,32V,332,333,342,343,345,346,732,733,734,735,736,738,739,73G,73H,73W,741,742,743,744,752,762,763,772,773,788,789,AB6,D10,M11,M82,M90"
256,D,F,J16,J16,"2,3,4,D,Y,Z,5,O","3U,AQ,CZ,EU,FM,GS,HU,JD,KN,MF,MU,NS,OQ,PN","319,320,321,733,734,735,736,738,739,73G,E90"
257,D,F,J16,J16,"2,3,4,D,Y,Z,5,O","3U,AQ,CZ,EU,FM,GS,HU,JD,KN,MF,MU,NS,OQ,PN","319,320,321,32V,733,734,735,736,738,739,73G,73H,73W,E90"
258,D,F,J16,J16,"2,3,4,D,Y,Z,5,O","3U,AQ,CZ,EU,FM,GS,HU,JD,KN,MF,MU,NS,OQ,PN","319,320,321,733,734,735,736,738,739,73G,E90"
259,D,F,J16,J16,"2,3,4,D,Y,Z,5,O","3U,AQ,CZ,EU,FM,GS,HU,JD,KN,MF,MU,NS,OQ,PN","319,320,321,733,734,735,736,738,739,73G,E90"
261,D,F,J16,J16,"2,3,4,D,Y,Z,5,O","3U,AQ,CZ,EU,FM,GS,HU,JD,KN,MF,MU,NS,OQ,PN","605,850,CCJ,CR2,CR7,CR9,ER3,ER4,ERD,G15,G20,G25,G35,G45,GIV,LJ4,LJ6"
263,D,F,J16,J16,"2,3,4,D,Y,Z,5,O","3U,AQ,CZ,EU,FM,GS,HU,JD,KN,MF,MU,NS,OQ,PN","319,320,321,32V,733,734,735,736,738,739,73G,73H,73W,E90"
264,D,F,J17,J17,"2,3,4,D,Y,Z,5,O","3U,AQ,CZ,EU,FM,GS,HU,JD,KN,MF,MU,NS,OQ,PN","319,320,321,733,734,735,736,738,739,73G,E90"
266,D,F,J17,J17,"2,3,4,D,Y,Z,5,O","3U,AQ,CZ,EU,FM,GS,HU,JD,KN,MF,MU,NS,OQ,PN","605,850,CCJ,CR2,CR7,CR9,ER3,ER4,ERD,G15,G20,G25,G35,G45,GIV,LJ4,LJ6"
267,D,F,J17,J17,"2,3,4,D,Y,Z,5,O","3U,AQ,CZ,EU,FM,GS,HU,JD,KN,MF,MU,NS,OQ,PN","319,320,321,733,734,735,736,738,739,73G,E90"
268,D,F,J17,J17,"2,3,4,D,Y,Z,5,O","3U,AQ,CZ,EU,FM,GS,HU,JD,KN,MF,MU,NS,OQ,PN","319,320,321,32V,733,734,735,736,738,739,73G,73H,73W,E90"
269,D,F,J17,J17,"2,3,4,D,Y,Z,5,O","3U,AQ,CZ,EU,FM,GS,HU,JD,KN,MF,MU,NS,OQ,PN","319,320,321,733,734,735,736,738,739,73G,E90"
270,D,F,J17,J17,"2,3,4,D,Y,Z,5,O","3U,AQ,CZ,EU,FM,GS,HU,JD,KN,MF,MU,NS,OQ,PN","319,320,321,733,734,735,736,738,739,73G,E90"
271,D,F,J21,J21,"2,3,4,D,Y,Z,5,O","3U,AQ,CZ,EU,FM,GS,HU,JD,KN,MF,MU,NS,OQ,PN","733,734,735,901,E90,F70,G55,G65"
272,D,F,J21,J21,"2,3,4,D,Y,Z,5,O","3U,AQ,CZ,EU,FM,GS,HU,JD,KN,MF,MU,NS,OQ,PN","319,320,321,733,734,735,736,738,739,73G,E90"
273,D,F,J21,J21,"2,3,4,D,Y,Z,5,O","3U,AQ,CZ,EU,FM,GS,HU,JD,KN,MF,MU,NS,OQ,PN","319,320,321,733,734,735,736,738,739,73G,E90"
274,D,F,J21,J21,"2,3,4,D,Y,Z,5,O","3U,AQ,CZ,EU,FM,GS,HU,JD,KN,MF,MU,NS,OQ,PN","319,320,321,733,734,735,736,738,739,73G,E90"
275,D,F,J21,J21,"2,3,4,D,Y,Z,5,O","3U,AQ,CZ,EU,FM,GS,HU,JD,KN,MF,MU,NS,OQ,PN","319,320,321,733,734,735,736,738,739,73G,E90"
276,D,F,J21,J21,"2,3,4,D,Y,Z,5,O","3U,AQ,CZ,EU,FM,GS,HU,JD,KN,MF,MU,NS,OQ,PN","319,320,321,733,734,735,736,738,739,73G,E90"
277,D,F,J21,J21,"2,3,4,D,Y,Z,5,O","3U,AQ,CZ,EU,FM,GS,HU,JD,KN,MF,MU,NS,OQ,PN","319,320,321,733,734,735,736,738,739,73G,E90"
278,D,F,J21,J21,"2,3,4,D,Y,Z,5,O","3U,AQ,CZ,EU,FM,GS,HU,JD,KN,MF,MU,NS,OQ,PN","319,320,321,733,734,735,736,738,739,73G,E90"
301,ID,F,L3,L3,"2,3,D,M,Y,Z","2P,3K,3U,5J,7P,8M,AE,AF,AI,AK,AY,B7,BR,CI,CZ,EK,ET,FD,GA,GE,H8,HU,IA,IW,IY,JL,JT,K6,KA,KE,KQ,LH,MH,MK,MS,NH,NN,NW,O8,OX,OZ,PR,QR,QV,RJ,SG,SJ,SL,SQ,SU,SV,TG,TK,TR,TW,U6,UB,UL,UM,VN,ZB,MU","312,313,319,320,321,32B,32V,732,733,734,735,736,738,739,73G,73H,73W,752,762,763,AB6,CR2,E90,ER4,F70,M82,M90"
302,ID,F,L3,L3,"2,3,D,M,Y,Z","2P,3K,3U,5J,7P,8M,AE,AF,AI,AK,AY,B7,BR,CI,CZ,EK,ET,FD,GA,GE,H8,HU,IA,IW,IY,JL,JT,K6,KA,KE,KQ,LH,MH,MK,MS,NH,NN,NW,O8,OX,OZ,PR,QR,QV,RJ,SG,SJ,SL,SQ,SU,SV,TG,TK,TR,TW,U6,UB,UL,UM,VN,ZB,MU","312,313,319,320,321,32B,32V,732,733,734,735,736,738,739,73G,73H,73W,752,762,763,76W,AB6,CR2,E90,ER4,F70,M82,M90"
303,ID,F,L3,L3,"2,3,D,M,Y,Z","2P,3K,3U,5J,7P,8M,AE,AF,AI,AK,AY,B7,BR,CI,CZ,EK,ET,FD,GA,GE,H8,HU,IA,IW,IY,JL,JT,K6,KA,KE,KQ,LH,MH,MK,MS,NH,NN,NW,O8,OX,OZ,PR,QR,QV,RJ,SG,SJ,SL,SQ,SU,SV,TG,TK,TR,TW,U6,UB,UL,UM,VN,ZB,MU","312,313,319,320,321,32B,32V,732,733,734,735,736,738,739,73G,73H,73W,752,762,763,AB6,CR2,E90,ER4,F70,M82,M90"
304,ID,F,L3,L3,"2,3,D,M,Y,Z","2P,3K,3U,5J,7P,8M,AE,AF,AI,AK,AY,B7,BR,CI,CZ,EK,ET,FD,GA,GE,H8,HU,IA,IW,IY,JL,JT,K6,KA,KE,KQ,LH,MH,MK,MS,NH,NN,NW,O8,OX,OZ,PR,QR,QV,RJ,SG,SJ,SL,SQ,SU,SV,TG,TK,TR,TW,U6,UB,UL,UM,VN,ZB,MU","312,313,319,320,321,32B,32V,732,733,734,735,736,738,739,73G,73H,73W,752,762,763,76W,AB6,CR2,E90,ER4,F70,M82,M90"
305,ID,F,L3,L3,"2,3,D,M,Y,Z","2P,3K,3U,5J,7P,8M,AE,AF,AI,AK,AY,B7,BR,CI,CZ,EK,ET,FD,GA,GE,H8,HU,IA,IW,IY,JL,JT,K6,KA,KE,KQ,LH,MH,MK,MS,NH,NN,NW,O8,OX,OZ,PR,QR,QV,RJ,SG,SJ,SL,SQ,SU,SV,TG,TK,TR,TW,U6,UB,UL,UM,VN,ZB,MU","312,313,319,320,321,32B,32V,732,733,734,735,736,738,739,73G,73H,73W,752,AB6,CR2,E90,ER4,F70,M82,M90"
306,ID,F,L3,L3,"2,3,D,M,Y,Z","2P,3K,3U,5J,7P,8M,AE,AF,AI,AK,AY,B7,BR,CI,CZ,EK,ET,FD,GA,GE,H8,HU,IA,IW,IY,JL,JT,K6,KA,KE,KQ,LH,MH,MK,MS,NH,NN,NW,O8,OX,OZ,PR,QR,QV,RJ,SG,SJ,SL,SQ,SU,SV,TG,TK,TR,TW,U6,UB,UL,UM,VN,ZB,MU","312,313,319,320,321,32B,32V,332,333,342,343,345,346,732,733,734,735,736,738,739,73G,73H,73W,741,742,743,744,752,762,763,772,773,788,789,AB6,D10,E90,M11,M82,M90"
307,ID,F,L3,L3,"2,3,D,M,Y,Z","2P,3K,3U,5J,7P,8M,AE,AF,AI,AK,AY,B7,BR,CI,CZ,EK,ET,FD,GA,GE,H8,HU,IA,IW,IY,JL,JT,K6,KA,KE,KQ,LH,MH,MK,MS,NH,NN,NW,O8,OX,OZ,PR,QR,QV,RJ,SG,SJ,SL,SQ,SU,SV,TG,TK,TR,TW,U6,UB,UL,UM,VN,ZB,MU","312,313,319,320,321,32B,32V,332,333,342,343,345,346,732,733,734,735,736,738,739,73G,73H,73W,741,742,743,744,752,762,763,772,773,788,789,AB6,D10,E90,M11,M82,M90"
308,ID,F,L3,L3,"2,3,D,M,Y,Z","2P,3K,3U,5J,7P,8M,AE,AF,AI,AK,AY,B7,BR,CI,CZ,EK,ET,FD,GA,GE,H8,HU,IA,IW,IY,JL,JT,K6,KA,KE,KQ,LH,MH,MK,MS,NH,NN,NW,O8,OX,OZ,PR,QR,QV,RJ,SG,SJ,SL,SQ,SU,SV,TG,TK,TR,TW,U6,UB,UL,UM,VN,ZB,MU","312,313,319,320,321,32B,32V,332,333,342,343,345,346,732,733,734,735,736,738,739,73G,73H,73W,741,742,743,744,752,762,763,772,773,788,789,AB6,D10,E90,M11,M82,M90"
309,D,F,L18,L18,"2,3,4,D,Y,Z","9C,BK,CA,GJ,HO,KY,SC,ZH","319,733,735,736,73G,CCX,CR2,ER4,F70,FA7,G55,G65"
310,D,F,L18,L18,"2,3,4,D,Y,Z","9C,BK,CA,GJ,HO,KY,SC,ZH","319,320,321,733,734,735,736,738,739,73G,CCX,CR2,E70,E90,ER4,F70,FA7,G55,G65"
311,D,F,L18,L18,"2,3,4,D,Y,Z","9C,BK,CA,GJ,HO,KY,SC,ZH","319,320,321,733,734,735,736,738,73G,CCX,CR2,E70,E90,ER4,F70,FA7,G55,G65"
312,D,F,L18,L18,"2,3,4,D,Y,Z","9C,BK,CA,GJ,HO,KY,SC,ZH","319,320,321,733,734,735,736,738,739,73G,CCX,CR2,E70,E90,ER4,F70,FA7,G55,G65"
313,D,F,L18,L18,"2,3,4,D,Y,Z","9C,BK,CA,GJ,HO,KY,SC,ZH","319,320,321,733,734,735,736,738,739,73G,CCX,CR2,E70,E90,ER4,F70,FA7,G55,G65"
401,ID,F,J6,J6,"2,3,C,D,E,M,Y,Z,5,O","CZ,MF,NS,OQ","312,313,319,320,321,32B,32V,332,333,343,345,346,732,733,734,735,736,738,739,73G,73H,73W,741,742,743,744,752,762,763,772,773,788,789,AB6,D10,IL9,ILW,M11,T20,TU5"
402,ID,F,J6,J6,"2,3,C,D,E,M,Y,Z,5,O","CZ,MF,NS,OQ","312,313,319,320,321,32B,32V,332,333,343,345,346,732,733,734,735,736,738,739,73G,73H,73W,741,742,743,744,752,762,763,772,773,788,789,AB6,D10,IL9,ILW,M11,T20,TU5"
403,ID,F,J6,J6,"2,3,C,D,E,M,Y,Z,5,O","CZ,MF,NS,OQ","100,312,313,319,320,321,32B,32V,605,732,733,734,735,736,738,73G,73H,73W,752,753,762,763,76W,850,901,AB6,CCJ,CCX,D10,E90,ER3,ER4,ERD,F70,G15,G20,G25,G35,G45,G55,G65,LJ4,LJ6,M11,T20,TU5"
404,ID,F,J6,J5,"2,3,D,F,M,P,V,Y,Z,5,O","CZ,MF,NS,OQ","100,319,320,321,32B,32V,605,732,733,734,735,736,738,739,73G,73H,73W,850,901,ARJ,CCJ,CCX,CR2,CR7,CR9,E90,ER3,ER4,ERD,F70,G15,G20,G25,G35,G45,G55,G65,GIV,LJ4,LJ6"
405,ID,F,J6,J5,"2,3,D,F,M,P,V,Y,Z,5,O","CZ,MF,NS,OQ","100,319,320,321,605,732,733,734,735,736,738,739,73G,850,901,ARJ,CCJ,CCX,CR2,CR7,CR9,E90,ER3,ER4,ERD,F70,G15,G20,G25,G35,G45,G55,G65,GIV,LJ4,LJ6"
406,ID,F,J6,J5,"2,3,D,F,M,P,V,Y,Z,5,O","CZ,MF,NS,OQ","100,319,320,321,605,732,733,734,735,736,738,739,73G,850,901,ARJ,CCJ,CCX,CR2,CR7,CR9,E90,ER3,ER4,ERD,F70,G15,G20,G25,G35,G45,G55,G65,GIV,LJ4,LJ6"
407,ID,F,J6,J5,"2,3,D,F,M,P,V,Y,Z,5,O","CZ,MF,NS,OQ","100,319,320,32V,605,732,733,734,735,736,738,73G,73H,73W,850,901,ARJ,CCJ,CCX,CR2,CR7,CR9,E90,ER3,ER4,ERD,F70,G15,G20,G25,G35,G45,G55,G65,GIV,LJ4,LJ6"
408,ID,F,J6,J5,"2,3,D,F,M,P,V,Y,Z,5,O","CZ,MF,NS,OQ","100,319,320,32V,605,732,733,734,735,736,738,73G,73H,73W,850,901,ARJ,CCJ,CCX,CR2,CR7,CR9,E90,ER3,ER4,ERD,F70,G15,G20,G25,G35,G45,G55,G65,GIV,LJ4,LJ6"
409,ID,F,J6,J5,"2,3,D,F,M,P,V,Y,Z,5,O","CZ,MF,NS,OQ","100,319,320,32V,605,732,733,734,735,736,738,73G,73H,73W,850,901,ARJ,CCJ,CCX,CR2,CR7,CR9,E90,ER3,ER4,ERD,F70,G15,G20,G25,G35,G45,G55,G65,GIV,LJ4,LJ6"
410,ID,F,J6,J5,"2,3,D,F,M,P,V,Y,Z,5,O","CZ,MF,NS,OQ","100,319,320,605,732,733,734,735,736,738,73G,850,901,ARJ,CCJ,CCX,CR2,CR7,CR9,E90,ER3,ER4,ERD,F70,G15,G20,G25,G35,G45,G55,G65,GIV,LJ4,LJ6"
411,D,F,J3,J5,"2,3,D,F,M,P,V,Y,Z,5,O","YT,ZZ","605,850,CCJ,CR2,ER3,ER4,ERD,G15,G20,G25,G35,G45,GIV,H80,LJ4,LJ6,S76"
412,D,F,J3,J5,"2,3,D,F,M,P,V,Y,Z,5,O","YT,ZZ","605,850,CCJ,CR2,ER3,ER4,ERD,G15,G20,G25,G35,G45,GIV,H80,LJ4,LJ6,S76"
413,D,F,J3,J5,"2,3,D,F,M,P,V,Y,Z,5,O","YT,ZZ","605,850,CCJ,CR2,ER3,ER4,ERD,G15,G20,G25,G35,G45,GIV,H80,LJ4,LJ6"
413A,,F,J3,J5,,,"319,320,732,733,734,735,736,738,73G,73H,73W,E90"
414,D,F,J3,J5,"2,3,D,F,M,P,V,Y,Z,5,O","YT,ZZ","605,850,CCJ,CR2,ER3,ER4,ERD,G15,G20,G25,G35,G45,GIV,H80,LJ4,LJ6"
415,D,F,J3,J5,"2,3,D,F,M,P,V,Y,Z,5,O","YT,ZZ","605,850,CCJ,CR2,ER3,ER4,ERD,G15,G20,G25,G35,G45,GIV,H80,LJ4,LJ6"
416,D,F,J3,J5,"2,3,D,F,M,P,V,Y,Z,5,O","YT,ZZ","605,850,CCJ,CR2,ER3,ER4,ERD,G15,G20,G25,G35,G45,GIV,H80,LJ4,LJ6"
416A,,F,J3,J5,,,"319,320,732,733,734,735,736,738,73G,73H,73W,E90"
417,D,F,J3,J5,"2,3,D,F,M,P,V,Y,Z,5,O","YT,ZZ","605,850,CCJ,CR2,ER3,ER4,ERD,G15,G20,G25,G35,G45,GIV,H80,LJ4,LJ6"
418,D,F,J3,J5,"2,3,D,F,M,P,V,Y,Z,5,O","YT,ZZ","605,850,CCJ,CR2,ER3,ER4,ERD,G15,G20,G25,G35,G45,GIV,H80,LJ4,LJ6"
419A,,F,J3,J5,,,"319,320,732,733,734,735,736,738,73G,73H,73W,E90"
419,D,F,J3,J5,"2,3,D,F,M,P,V,Y,Z,5,O","YT,ZZ","605,850,CCJ,CR2,ER3,ER4,ERD,G15,G20,G25,G35,G45,GIV,H80,LJ4,LJ6"
420,D,F,J3,J5,"2,3,D,F,M,P,V,Y,Z,5,O","CZ,MF,NS,OQ","100,319,320,321,605,732,733,734,735,736,738,739,73G,850,901,CCJ,CCX,CR2,CR7,CR9,E90,ER3,ER4,ERD,F70,G15,G20,G25,G35,G45,G55,G65,LJ4,LJ6"
421,D,F,J3,J5,"2,3,D,F,M,P,V,Y,Z,5,O","CZ,MF,NS,OQ","100,319,320,321,32B,32V,605,732,733,734,735,736,738,739,73G,73H,73W,850,901,CCJ,CCX,CR2,CR7,CR9,E90,ER3,ER4,ERD,F70,G15,G20,G25,G35,G45,G55,G65,LJ4,LJ6"
422,D,F,J3,J5,"2,3,D,F,M,P,V,Y,Z,5,O","CZ,MF,NS,OQ","100,319,320,321,605,732,733,734,735,736,738,739,73G,850,901,CCJ,CCX,CR2,CR7,CR9,E90,ER3,ER4,ERD,F70,G15,G20,G25,G35,G45,G55,G65,LJ4,LJ6"
423,D,F,J3,J5,"2,3,D,F,M,P,V,Y,Z,5,O","YT,ZZ","605,850,CCJ,CR2,ER3,ER4,ERD,G15,G20,G25,G35,G45,GIV,H80,LJ4,LJ6"
424,D,F,J3,J5,"2,3,D,F,M,P,V,Y,Z,5,O","YT,ZZ","605,850,CCJ,CR2,CR7,CR9,ER3,ER4,ERD,G15,G20,G25,G35,G45,GIV,H80,LJ4,LJ6"
425,D,F,J3,J5,"2,3,D,F,M,P,V,Y,Z,5,O","YT,ZZ","605,850,CCJ,CR2,CR7,CR9,ER3,ER4,ERD,G15,G20,G25,G35,G45,GIV,H80,LJ4,LJ6"
426,D,F,J3,J5,"2,3,D,F,M,P,V,Y,Z,5,O","YT,ZZ","605,850,CCJ,CR2,CR7,CR9,ER3,ER4,ERD,G15,G20,G25,G35,G45,GIV,H80,LJ4,LJ6"
427,D,F,J3,J5,"2,3,D,F,M,P,V,Y,Z,5,O","YT,ZZ","605,850,CCJ,CR2,CR7,CR9,ER3,ER4,ERD,G15,G20,G25,G35,G45,GIV,H80,LJ4,LJ6"
428,D,F,J3,J5,"2,3,D,F,M,P,V,Y,Z,5,O","YT,ZZ","605,850,CCJ,CR2,CR7,CR9,ER3,ER4,ERD,G15,G20,G25,G35,G45,GIV,H80,LJ4,LJ6"
429,D,F,J3,J5,"2,3,D,F,M,P,V,Y,Z,5,O","YT,ZZ","605,850,CCJ,CR2,CR7,CR9,ER3,ER4,ERD,G15,G20,G25,G35,G45,GIV,H80,LJ4,LJ6"
430,D,F,J16,J16,"2,3,4,D,Y,Z,5,O","3U,AQ,CZ,EU,FM,GS,HU,JD,KN,MF,MU,NS,OQ,PN","605,850,CCJ,CR2,CR7,CR9,ER3,ER4,ERD,G15,G20,G25,G35,G45,GIV,LJ4,LJ6"
431,D,F,J16,J16,"2,3,4,D,Y,Z,5,O","3U,AQ,CZ,EU,FM,GS,HU,JD,KN,MF,MU,NS,OQ,PN","605,850,CCJ,CR2,CR7,CR9,ER3,ER4,ERD,G15,G20,G25,G35,G45,GIV,LJ4,LJ6"
432,D,F,J22,J22,"2,3,4,D,Y,Z,5,O","3U,AQ,CZ,EU,FM,GS,HU,JD,KN,MF,MU,NS,OQ,PN","319,320,733,734,735,736,738,73G,CCX,CR2,E90,ER4,F70,FA7,G55,G65"
433,D,F,J22,J22,"2,3,4,D,Y,Z,5,O","3U,AQ,CZ,EU,FM,GS,HU,JD,KN,MF,MU,NS,OQ,PN","319,320,321,733,734,735,736,738,739,73G,CCX,CR2,E90,ER4,F70,FA7,G55,G65"
434,D,F,J22,J22,"2,3,4,D,Y,Z,5,O","3U,AQ,CZ,EU,FM,GS,HU,JD,KN,MF,MU,NS,OQ,PN","319,320,321,733,734,735,736,738,739,73G,CCX,CR2,E90,ER4,F70,FA7,G55,G65"
435,D,F,J22,J22,"2,3,4,D,Y,Z,5,O","3U,AQ,CZ,EU,FM,GS,HU,JD,KN,MF,MU,NS,OQ,PN","319,320,321,733,734,735,736,738,739,73G,CCX,CR2,E90,ER4,F70,FA7,G55,G65"
436,D,F,J22,J22,"2,3,4,D,Y,Z,5,O","3U,AQ,CZ,EU,FM,GS,HU,JD,KN,MF,MU,NS,OQ,PN","319,320,321,733,734,735,736,738,739,73G,CCX,CR2,E90,ER4,F70,FA7,G55,G65"
437,D,F,J22,J22,"2,3,4,D,Y,Z,5,O","3U,AQ,CZ,EU,FM,GS,HU,JD,KN,MF,MU,NS,OQ,PN","319,320,321,733,734,735,736,738,739,73G,CCX,CR2,E90,ER4,F70,FA7,G55,G65"
FX01,ID,F,Q15,Q15,"I,J",FX,"31X,31Y,75F,76X,76Y,ABY,D1F,M1F"
FX02,ID,F,Q15,Q15,"I,J",FX,"31X,31Y,75F,76X,76Y,ABY,D1F,M1F"
FX03,ID,F,Q15,Q15,"I,J",FX,"31X,31Y,75F,76X,76Y,ABY,D1F,M1F"
FX04,ID,F,Q15,Q15,"I,J",FX,"31X,31Y,75F,76X,76Y,ABY,D1F,M1F"
FX05,ID,F,Q15,Q15,"I,J",FX,"31X,31Y,75F,76X,76Y,ABY,D1F,M1F"
FX06,ID,F,Q15,Q15,"I,J",FX,"31X,31Y,75F,76X,76Y,ABY,D1F,M1F"
FX07,ID,F,Q15,Q15,"I,J",FX,"31X,31Y,75F,76X,76Y,ABY,D1F,M1F"
FX08,ID,F,Q15,Q15,"I,J",FX,"31X,31Y,75F,76X,76Y,ABY,D1F,M1F"
FX09,ID,F,Q15,Q15,"I,J",FX,"31X,31Y,75F,76X,76Y,ABY,D1F,M1F"
FX10,ID,F,Q15,Q15,"I,J",FX,"31X,31Y,75F,76X,76Y,ABY,D1F,M1F"
FX11,ID,F,Q15,Q15,"I,J",FX,"31X,31Y,75F,76X,76Y,77F,ABY,D1F,M1F"
FX12,ID,F,Q15,Q15,"I,J",FX,"31X,31Y,75F,76X,76Y,ABY,D1F,M1F"
FX13,ID,F,Q15,Q15,"I,J",FX,"31X,31Y,75F,76X,76Y,77F,ABY,D1F,M1F"
FX14,ID,F,Q15,Q15,"I,J",FX,"31X,31Y,75F,76X,76Y,ABY,D1F,M1F"
FX15,ID,F,Q15,Q15,"I,J",FX,"31X,31Y,75F,76X,76Y,77F,ABY,D1F,M1F"
FX16,ID,F,Q15,Q15,"I,J",FX,"31X,31Y,75F,76X,76Y,ABY,D1F,M1F"
FX17,ID,F,Q15,Q15,"I,J",FX,"31X,31Y,75F,76X,76Y,77F,ABY,D1F,M1F"
FX18,ID,F,Q15,Q15,"I,J",FX,"31X,31Y,75F,76X,76Y,ABY,D1F,M1F"
FX19,ID,F,Q15,Q15,"I,J",FX,"31X,31Y,75F,76X,76Y,77F,ABY,D1F,M1F"
FX20,ID,F,Q15,Q15,"I,J",FX,"31X,31Y,75F,76X,76Y,ABY,D1F,M1F"
FX21,ID,F,Q15,Q15,"I,J",FX,"31X,31Y,75F,76X,76Y,772,77F,ABY,D1F,M1F"
FX22,ID,F,Q15,Q15,"I,J",FX,"31X,31Y,75F,76X,76Y,ABY,D1F,M1F"
FX23,ID,F,Q15,Q15,"I,J",FX,"31X,31Y,75F,76X,76Y,77F,ABY,D1F,M1F"
FX24,ID,F,Q15,Q15,"I,J",FX,"31X,31Y,75F,76X,76Y,ABY,D1F,M1F"
FX26,ID,F,Q15,Q15,"I,J",FX,"31X,31Y,75F,76X,76Y,77F,ABY,D1F,M1F"
FX28,ID,F,Q15,Q15,"I,J",FX,"31X,31Y,75F,76X,76Y,ABY,D1F,M1F"
GY01,D,F,J12,J12,"2,3,4,D,Y,Z","3U,AQ,EU,FM,GS,HU,JD,KN,MU,PN","319,320,321,732,733,736,738,739,73G,73H,73W,E90,ER4,G45,G55,G65"
GY02,D,F,J12,J12,"2,3,4,D,Y,Z","3U,AQ,EU,FM,GS,HU,JD,KN,MU,PN","319,320,321,32B,32V,732,733,736,738,739,73G,73H,73W,E90,ER4,G45,G55,G65"
GY03,D,F,J12,J12,"2,3,4,D,Y,Z","3U,AQ,EU,FM,GS,HU,JD,KN,MU,PN","319,320,321,32B,32V,732,733,736,738,739,73G,73H,73W,E90,ER4,G45,G55,G65"
GY04,D,F,J12,J12,"2,3,4,D,Y,Z","3U,AQ,EU,FM,GS,HU,JD,KN,MU,PN","319,320,321,32B,32V,732,733,736,738,739,73G,73H,73W,E90,ER4,G45,G55,G65"
GY05,D,F,J12,J12,"2,3,4,D,Y,Z","3U,AQ,EU,FM,GS,HU,JD,KN,MU,PN","319,320,321,32B,32V,732,733,736,738,739,73G,73H,73W,E90,ER4,G45,G55,G65"
GY06,D,F,J12,J12,"2,3,4,D,Y,Z","3U,AQ,EU,FM,GS,HU,JD,KN,MU,PN","319,320,321,732,733,736,738,739,73G,E90,ER4,G45,G55,G65"
GY07,D,F,L10,L10,"2,3,4,D,Y,Z","9C,BK,CA,GJ,HO,KY,SC,ZH","319,320,321,732,733,736,738,739,73G,E90,ER4,G45,G55,G65"
GY08,D,F,L10,L10,"2,3,4,D,Y,Z","9C,BK,CA,GJ,HO,KY,SC,ZH","319,320,321,32B,32V,732,733,736,738,739,73G,73H,73W,E90,ER4,G45,G55,G65"
GY09,D,F,L10,L10,"2,3,4,D,Y,Z","9C,BK,CA,GJ,HO,KY,SC,ZH","319,320,321,32B,32V,732,733,736,738,739,73G,73H,73W,E90,ER4,G45,G55,G65"
GY10,D,F,L10,L10,"2,3,4,D,Y,Z","9C,BK,CA,GJ,HO,KY,SC,ZH","319,320,321,32B,32V,732,733,736,738,739,73G,73H,73W,E90,ER4,G45,G55,G65"
GY11,D,F,L10,L10,"2,3,4,D,Y,Z","9C,BK,CA,GJ,HO,KY,SC,ZH","319,320,321,32B,32V,732,733,736,738,739,73G,73H,73W,E90,ER4,G45,G55,G65"
GY12,D,F,L10,L10,"2,3,4,D,Y,Z","9C,BK,CA,GJ,HO,KY,SC,ZH","319,320,321,732,733,736,738,739,73G,E90,ER4,G45,G55,G65"
501,ID,F,E,E,"I,J","5X,AQ,BK,BR,CF,CI,CK,CZ,EY,GJ,JL,KE,LH,O3,OZ,SV,Y8,CA,TK,NH,ET,QR,EK","100,312,313,319,31F,31X,31Y,320,321,332,333,33F,342,343,345,346,605,732,733,734,735,736,738,739,73G,73H,73M,73W,73X,73Y,741,742,743,744,74C,74D,74E,74J,74L,74R,74T,74U,74V,74X,74Y,752,75F,75M,762,763,76X,76Y,772,773,77F,788,789,850,901,AB6,ABY,CCJ,CCX,CR2,CR7,CR9,D10,D1C,D1F,D1M,D1X,D1Y,E90,ER3,ER4,ERD,F70,G15,G20,G25,G35,G45,G55,G65,GIV,I93,I9F,I9M,I9X,I9Y,ILW,M11,M1F,M1M,M82,M90,T20,TU5"
502,ID,F,E,E,"I,J","5X,AQ,BK,BR,CF,CI,CK,CZ,EY,GJ,JL,KE,LH,O3,OZ,SV,Y8,CA,TK,NH,ET,QR,EK","100,312,313,319,31F,31X,31Y,320,321,332,333,33F,342,343,345,346,605,732,733,734,735,736,738,739,73G,73H,73M,73W,73X,73Y,741,742,743,744,74C,74D,74E,74J,74L,74R,74T,74U,74V,74X,74Y,752,75F,75M,762,763,76X,76Y,772,773,77F,788,789,850,901,AB6,ABY,CCJ,CCX,CR2,CR7,CR9,D10,D1C,D1F,D1M,D1X,D1Y,E90,ER3,ER4,ERD,F70,G15,G20,G25,G35,G45,G55,G65,GIV,I93,I9F,I9M,I9X,I9Y,ILW,M11,M1F,M1M,M82,M90,T20,TU5"
503,ID,F,E,E,"I,J","5X,AQ,BK,BR,CF,CI,CK,CZ,EY,GJ,JL,KE,LH,O3,OZ,SV,Y8,CA,TK,NH,ET,QR,EK","100,312,313,319,31F,31X,31Y,320,321,332,333,33F,342,343,345,346,605,732,733,734,735,736,738,739,73G,73H,73M,73W,73X,73Y,741,742,743,744,74C,74D,74E,74J,74L,74R,74T,74U,74V,74X,74Y,752,75F,75M,762,763,76X,76Y,772,773,77F,788,789,850,901,AB6,ABY,CCJ,CCX,CR2,CR7,CR9,D10,D1C,D1F,D1M,D1X,D1Y,E90,ER3,ER4,ERD,F70,G15,G20,G25,G35,G45,G55,G65,GIV,I93,I9F,I9M,I9X,I9Y,ILW,M11,M1F,M1M,M82,M90,T20,TU5"
504,ID,F,E,E,"I,J","5X,AQ,BK,BR,CF,CI,CK,CZ,EY,GJ,JL,KE,LH,O3,OZ,SV,Y8,CA,TK,NH,ET,QR,EK","100,312,313,319,31F,31X,31Y,320,321,332,333,33F,342,343,345,346,605,732,733,734,735,736,738,739,73G,73H,73M,73W,73X,73Y,741,742,743,744,74C,74D,74E,74J,74L,74R,74T,74U,74V,74X,74Y,752,75F,75M,762,763,76X,76Y,772,773,77F,788,789,850,901,AB6,ABY,CCJ,CCX,CR2,CR7,CR9,D10,D1C,D1F,D1M,D1X,D1Y,E90,ER3,ER4,ERD,F70,G15,G20,G25,G35,G45,G55,G65,GIV,I93,I9F,I9M,I9X,I9Y,ILW,M11,M1F,M1M,M82,M90,T20,TU5"
505,ID,F,E,E,"I,J","5X,AQ,BK,BR,CF,CI,CK,CZ,EY,GJ,JL,KE,LH,O3,OZ,SV,Y8,CA,TK,NH,ET,QR,EK","100,312,313,319,31F,31X,31Y,320,321,332,333,33F,342,343,345,346,605,732,733,734,735,736,738,739,73G,73H,73M,73W,73X,73Y,741,742,743,744,74C,74D,74E,74J,74L,74R,74T,74U,74V,74X,74Y,752,75F,75M,762,763,76X,76Y,772,773,77F,788,789,850,901,AB6,ABY,CCJ,CCX,CR2,CR7,CR9,D10,D1C,D1F,D1M,D1X,D1Y,E90,ER3,ER4,ERD,F70,G15,G20,G25,G35,G45,G55,G65,GIV,I93,I9F,I9M,I9X,I9Y,ILW,M11,M1F,M1M,M82,M90,T20,TU5"
506,ID,F,E,E,"I,J","5X,AQ,BK,BR,CF,CI,CK,CZ,EY,GJ,JL,KE,LH,O3,OZ,SV,Y8,CA,TK,NH,ET,QR,EK","100,312,313,319,31F,31X,31Y,320,321,332,333,33F,342,343,345,346,605,732,733,734,735,736,738,739,73G,73H,73M,73W,73X,73Y,741,742,743,744,74C,74D,74E,74J,74L,74R,74T,74U,74V,74X,74Y,752,75F,75M,762,763,76X,76Y,772,773,77F,788,789,850,901,AB6,ABY,CCJ,CCX,CR2,CR7,CR9,D10,D1C,D1F,D1M,D1X,D1Y,E90,ER3,ER4,ERD,F70,G15,G20,G25,G35,G45,G55,G65,GIV,I93,I9F,I9M,I9X,I9Y,ILW,M11,M1F,M1M,M82,M90,T20,TU5"
507,ID,F,E,E,"I,J","5X,AQ,BK,BR,CF,CI,CK,CZ,EY,GJ,JL,KE,LH,O3,OZ,SV,Y8,CA,TK,NH,ET,QR,EK","100,312,313,319,31F,31X,31Y,320,321,332,333,33F,342,343,345,346,605,732,733,734,735,736,738,739,73G,73H,73M,73W,73X,73Y,741,742,743,744,74C,74D,74E,74J,74L,74R,74T,74U,74V,74X,74Y,752,75F,75M,762,763,76X,76Y,772,773,77F,788,789,850,901,AB6,ABY,CCJ,CCX,CR2,CR7,CR9,D10,D1C,D1F,D1M,D1X,D1Y,E90,ER3,ER4,ERD,F70,G15,G20,G25,G35,G45,G55,G65,GIV,I93,I9F,I9M,I9X,I9Y,ILW,M11,M1F,M1M,M82,M90,T20,TU5"
508,ID,F,E,E,"I,J","5X,AQ,BK,BR,CF,CI,CK,CZ,EY,GJ,JL,KE,LH,O3,OZ,SV,Y8,CA,TK,NH,ET,QR,EK","100,312,313,319,31F,31X,31Y,320,321,332,333,33F,342,343,345,346,605,732,733,734,735,736,738,739,73G,73H,73M,73W,73X,73Y,741,742,743,744,74C,74D,74E,74J,74L,74R,74T,74U,74V,74X,74Y,752,75F,75M,762,763,76X,76Y,772,773,77F,788,789,850,901,AB6,ABY,CCJ,CCX,CR2,CR7,CR9,D10,D1C,D1F,D1M,D1X,D1Y,E90,ER3,ER4,ERD,F70,G15,G20,G25,G35,G45,G55,G65,GIV,I93,I9F,I9M,I9X,I9Y,ILW,M11,M1F,M1M,M82,M90,T20,TU5"
509,ID,F,E,E,"I,J","5X,AQ,BK,BR,CF,CI,CK,CZ,EY,GJ,JL,KE,LH,O3,OZ,SV,Y8,CA,TK,NH,ET,QR,EK","100,312,313,319,31F,31X,31Y,320,321,332,333,33F,342,343,345,346,605,732,733,734,735,736,738,739,73G,73H,73M,73W,73X,73Y,741,742,743,744,74C,74D,74E,74J,74L,74R,74T,74U,74V,74X,74Y,752,75F,75M,762,763,76X,76Y,772,773,77F,788,789,850,901,AB6,ABY,CCJ,CCX,CR2,CR7,CR9,D10,D1C,D1F,D1M,D1X,D1Y,E90,ER3,ER4,ERD,F70,G15,G20,G25,G35,G45,G55,G65,GIV,I93,I9F,I9M,I9X,I9Y,ILW,M11,M1F,M1M,M82,M90,T20,TU5"
510,ID,F,E,E,"I,J","5X,AQ,BK,BR,CF,CI,CK,CZ,EY,GJ,JL,KE,LH,O3,OZ,SV,Y8,CA,TK,NH,ET,QR,EK","100,312,313,319,31F,31X,31Y,320,321,332,333,33F,342,343,345,346,605,732,733,734,735,736,738,739,73G,73H,73M,73W,73X,73Y,741,742,743,744,74C,74D,74E,74J,74L,74R,74T,74U,74V,74X,74Y,752,75F,75M,762,763,76X,76Y,772,773,77F,788,789,850,901,AB6,ABY,CCJ,CCX,CR2,CR7,CR9,D10,D1C,D1F,D1M,D1X,D1Y,E90,ER3,ER4,ERD,F70,G15,G20,G25,G35,G45,G55,G65,GIV,I93,I9F,I9M,I9X,I9Y,ILW,M11,M1F,M1M,M82,M90,T20,TU5"
511,ID,F,E,E,"I,J","5X,AQ,BK,BR,CF,CI,CK,CZ,EY,GJ,JL,KE,LH,O3,OZ,SV,Y8,CA,TK,NH,ET,QR,EK","100,312,313,319,31F,31X,31Y,320,321,332,333,33F,342,343,345,346,605,732,733,734,735,736,738,739,73G,73H,73M,73W,73X,73Y,741,742,743,744,74C,74D,74E,74J,74L,74R,74T,74U,74V,74X,74Y,752,75F,75M,762,763,76X,76Y,772,773,77F,788,789,850,901,AB6,ABY,CCJ,CCX,CR2,CR7,CR9,D10,D1C,D1F,D1M,D1X,D1Y,E90,ER3,ER4,ERD,F70,G15,G20,G25,G35,G45,G55,G65,GIV,I93,I9F,I9M,I9X,I9Y,ILW,M11,M1F,M1M,M82,M90,T20,TU5"
512,ID,F,E,E,"I,J","5X,AQ,BK,BR,CF,CI,CK,CZ,EY,GJ,JL,KE,LH,O3,OZ,SV,Y8,CA,TK,NH,ET,QR,EK","100,312,313,319,31F,31X,31Y,320,321,332,333,33F,342,343,345,346,605,732,733,734,735,736,738,739,73G,73H,73M,73W,73X,73Y,741,742,743,744,74C,74D,74E,74J,74L,74R,74T,74U,74V,74X,74Y,752,75F,75M,762,763,76X,76Y,772,773,77F,788,789,850,901,AB6,ABY,CCJ,CCX,CR2,CR7,CR9,D10,D1C,D1F,D1M,D1X,D1Y,E90,ER3,ER4,ERD,F70,G15,G20,G25,G35,G45,G55,G65,GIV,I93,I9F,I9M,I9X,I9Y,ILW,M11,M1F,M1M,M82,M90,T20,TU5"
513,ID,F,E,E,"I,J","5X,AQ,BK,BR,CF,CI,CK,CZ,EY,GJ,JL,KE,LH,O3,OZ,SV,Y8,CA,TK,NH,ET,QR,EK","100,312,313,319,31F,31X,31Y,320,321,332,333,33F,342,343,345,346,605,732,733,734,735,736,738,739,73G,73H,73M,73W,73X,73Y,741,742,743,744,74C,74D,74E,74J,74L,74R,74T,74U,74V,74X,74Y,752,75F,75M,762,763,76X,76Y,772,773,77F,788,789,850,901,AB6,ABY,CCJ,CCX,CR2,CR7,CR9,D10,D1C,D1F,D1M,D1X,D1Y,E90,ER3,ER4,ERD,F70,G15,G20,G25,G35,G45,G55,G65,GIV,I93,I9F,I9M,I9X,I9Y,ILW,M11,M1F,M1M,M82,M90,T20,TU5"
514,ID,F,E,E,"I,J","5X,AQ,BK,BR,CF,CI,CK,CZ,EY,GJ,JL,KE,LH,O3,OZ,SV,Y8,CA,TK,NH,ET,QR,EK","100,312,313,319,31F,31X,31Y,320,321,332,333,33F,342,343,345,346,605,732,733,734,735,736,738,739,73G,73H,73M,73W,73X,73Y,741,742,743,744,74C,74D,74E,74J,74L,74R,74T,74U,74V,74X,74Y,752,75F,75M,762,763,76X,76Y,772,773,77F,788,789,850,901,AB6,ABY,CCJ,CCX,CR2,CR7,CR9,D10,D1C,D1F,D1M,D1X,D1Y,E90,ER3,ER4,ERD,F70,G15,G20,G25,G35,G45,G55,G65,GIV,I93,I9F,I9M,I9X,I9Y,ILW,M11,M1F,M1M,M82,M90,T20,TU5"
515,ID,F,E,E,"I,J","5X,AQ,BK,BR,CF,CI,CK,CZ,EY,GJ,JL,KE,LH,O3,OZ,SV,Y8,CA,TK,NH,ET,QR,EK","100,312,313,319,31F,31X,31Y,320,321,332,333,33F,342,343,345,346,605,732,733,734,735,736,738,739,73G,73H,73M,73W,73X,73Y,741,742,743,744,74C,74D,74E,74J,74L,74R,74T,74U,74V,74X,74Y,752,75F,75M,762,763,76X,76Y,772,773,77F,788,789,850,901,AB6,ABY,CCJ,CCX,CR2,CR7,CR9,D10,D1C,D1F,D1M,D1X,D1Y,E90,ER3,ER4,ERD,F70,G15,G20,G25,G35,G45,G55,G65,GIV,I93,I9F,I9M,I9X,I9Y,ILW,M11,M1F,M1M,M82,M90,T20,TU5"
501J,,F,E,E,,,"319,320,321,605,733,734,735,736,738,739,73G,73M,73X,73Y,850,901,CCJ,CCX,CR2,CR7,CR9,E90,ER3,ER4,ERD,F70,G15,G20,G25,G35,G45,G55,G65,GIV,LJ4,LJ6,M82,M90"
502JL,,F,E,E,,,"319,320,321,605,733,734,735,736,738,739,73G,73M,73X,73Y,850,901,CCJ,CCX,CR2,CR7,CR9,E90,ER3,ER4,ERD,F70,G15,G20,G25,G35,G45,G55,G65,GIV,LJ4,LJ6,M82,M90"
502JU,,F,E,E,,,"319,320,321,605,733,734,735,736,738,739,73G,73M,73X,73Y,850,901,CCJ,CCX,CR2,CR7,CR9,E90,ER3,ER4,ERD,F70,G15,G20,G25,G35,G45,G55,G65,GIV,LJ4,LJ6,M82,M90"
503JL,,F,E,E,,,"319,320,321,605,733,734,735,736,738,739,73G,73M,73X,73Y,850,901,CCJ,CCX,CR2,CR7,CR9,E90,ER3,ER4,ERD,F70,G15,G20,G25,G35,G45,G55,G65,GIV,LJ4,LJ6,M82,M90"
503JU,,F,E,E,,,"319,320,321,605,733,734,735,736,738,739,73G,73M,73X,73Y,850,901,CCJ,CCX,CR2,CR7,CR9,E90,ER3,ER4,ERD,F70,G15,G20,G25,G35,G45,G55,G65,GIV,LJ4,LJ6,M82,M90"
504JL,,F,E,E,,,"319,320,321,605,733,734,735,736,738,739,73G,73M,73X,73Y,850,901,CCJ,CCX,CR2,CR7,CR9,E90,ER3,ER4,ERD,F70,G15,G20,G25,G35,G45,G55,G65,GIV,LJ4,LJ6,M82,M90"
504JU,,F,E,E,,,"319,320,321,605,733,734,735,736,738,739,73G,73M,73X,73Y,850,901,CCJ,CCX,CR2,CR7,CR9,E90,ER3,ER4,ERD,F70,G15,G20,G25,G35,G45,G55,G65,GIV,LJ4,LJ6,M82,M90"
505JL,,F,E,E,,,"319,320,321,605,733,734,735,736,738,739,73G,73M,73X,73Y,850,901,CCJ,CCX,CR2,CR7,CR9,E90,ER3,ER4,ERD,F70,G15,G20,G25,G35,G45,G55,G65,GIV,LJ4,LJ6,M82,M90"
505JU,,F,E,E,,,"319,320,321,605,733,734,735,736,738,739,73G,73M,73X,73Y,850,901,CCJ,CCX,CR2,CR7,CR9,E90,ER3,ER4,ERD,F70,G15,G20,G25,G35,G45,G55,G65,GIV,LJ4,LJ6,M82,M90"
506JL,,F,E,E,,,"319,320,321,605,733,734,735,736,738,739,73G,73M,73X,73Y,850,901,CCJ,CCX,CR2,CR7,CR9,E90,ER3,ER4,ERD,F70,G15,G20,G25,G35,G45,G55,G65,GIV,LJ4,LJ6,M82,M90"
506JU,,F,E,E,,,"319,320,321,605,733,734,735,736,738,739,73G,73M,73X,73Y,850,901,CCJ,CCX,CR2,CR7,CR9,E90,ER3,ER4,ERD,F70,G15,G20,G25,G35,G45,G55,G65,GIV,LJ4,LJ6,M82,M90"
507JL,,F,E,E,,,"319,320,321,605,733,734,735,736,738,739,73G,73M,73X,73Y,850,901,CCJ,CCX,CR2,CR7,CR9,E90,ER3,ER4,ERD,F70,G15,G20,G25,G35,G45,G55,G65,GIV,LJ4,LJ6,M82,M90"
507JU,,F,E,E,,,"319,320,321,605,733,734,735,736,738,739,73G,73M,73X,73Y,850,901,CCJ,CCX,CR2,CR7,CR9,E90,ER3,ER4,ERD,F70,G15,G20,G25,G35,G45,G55,G65,GIV,LJ4,LJ6,M82,M90"
508JL,,F,E,E,,,"319,320,321,605,733,734,735,736,738,739,73G,73M,73X,73Y,850,901,CCJ,CCX,CR2,CR7,CR9,E90,ER3,ER4,ERD,F70,G15,G20,G25,G35,G45,G55,G65,GIV,LJ4,LJ6,M82,M90"
508JU,,F,E,E,,,"319,320,321,605,733,734,735,736,738,739,73G,73M,73X,73Y,850,901,CCJ,CCX,CR2,CR7,CR9,E90,ER3,ER4,ERD,F70,G15,G20,G25,G35,G45,G55,G65,GIV,LJ4,LJ6,M82,M90"
509JL,,F,E,E,,,"319,320,321,605,733,734,735,736,738,739,73G,73M,73X,73Y,850,901,CCJ,CCX,CR2,CR7,CR9,E90,ER3,ER4,ERD,F70,G15,G20,G25,G35,G45,G55,G65,GIV,LJ4,LJ6,M82,M90"
509JU,,F,E,E,,,"319,320,321,605,733,734,735,736,738,739,73G,73M,73X,73Y,850,901,CCJ,CCX,CR2,CR7,CR9,E90,ER3,ER4,ERD,F70,G15,G20,G25,G35,G45,G55,G65,GIV,LJ4,LJ6,M82,M90"
510JL,,F,E,E,,,"319,320,321,605,733,734,735,736,738,739,73G,73M,73X,73Y,850,901,CCJ,CCX,CR2,CR7,CR9,E90,ER3,ER4,ERD,F70,G15,G20,G25,G35,G45,G55,G65,GIV,LJ4,LJ6,M82,M90"
510JU,,F,E,E,,,"319,320,321,605,733,734,735,736,738,739,73G,73M,73X,73Y,850,901,CCJ,CCX,CR2,CR7,CR9,E90,ER3,ER4,ERD,F70,G15,G20,G25,G35,G45,G55,G65,GIV,LJ4,LJ6,M82,M90"
511JL,,F,E,E,,,"319,320,321,605,733,734,735,736,738,739,73G,73M,73X,73Y,850,901,CCJ,CCX,CR2,CR7,CR9,E90,ER3,ER4,ERD,F70,G15,G20,G25,G35,G45,G55,G65,GIV,LJ4,LJ6,M82,M90"
511JU,,F,E,E,,,"319,320,321,605,733,734,735,736,738,739,73G,73M,73X,73Y,850,901,CCJ,CCX,CR2,CR7,CR9,E90,ER3,ER4,ERD,F70,G15,G20,G25,G35,G45,G55,G65,GIV,LJ4,LJ6,M82,M90"
512JL,,F,E,E,,,"319,320,321,605,733,734,735,736,738,739,73G,73M,73X,73Y,850,901,CCJ,CCX,CR2,CR7,CR9,E90,ER3,ER4,ERD,F70,G15,G20,G25,G35,G45,G55,G65,GIV,LJ4,LJ6,M82,M90"
512JU,,F,E,E,,,"319,320,321,605,733,734,735,736,738,739,73G,73M,73X,73Y,850,901,CCJ,CCX,CR2,CR7,CR9,E90,ER3,ER4,ERD,F70,G15,G20,G25,G35,G45,G55,G65,GIV,LJ4,LJ6,M82,M90"
513JL,,F,E,E,,,"319,320,321,605,733,734,735,736,738,739,73G,73M,73X,73Y,850,901,CCJ,CCX,CR2,CR7,CR9,E90,ER3,ER4,ERD,F70,G15,G20,G25,G35,G45,G55,G65,GIV,LJ4,LJ6,M82,M90"
513JU,,F,E,E,,,"319,320,321,605,733,734,735,736,738,739,73G,73M,73X,73Y,850,901,CCJ,CCX,CR2,CR7,CR9,E90,ER3,ER4,ERD,F70,G15,G20,G25,G35,G45,G55,G65,GIV,LJ4,LJ6,M82,M90"
514JL,,F,E,E,,,"319,320,321,605,733,734,735,736,738,739,73G,73M,73X,73Y,850,901,CCJ,CCX,CR2,CR7,CR9,E90,ER3,ER4,ERD,F70,G15,G20,G25,G35,G45,G55,G65,GIV,LJ4,LJ6,M82,M90"
514JU,,F,E,E,,,"319,320,321,605,733,734,735,736,738,739,73G,73M,73X,73Y,850,901,CCJ,CCX,CR2,CR7,CR9,E90,ER3,ER4,ERD,F70,G15,G20,G25,G35,G45,G55,G65,GIV,LJ4,LJ6,M82,M90"
515J,,F,E,E,,,"319,320,321,605,733,734,735,736,738,739,73G,73M,73X,73Y,850,901,CCJ,CCX,CR2,CR7,CR9,E90,ER3,ER4,ERD,F70,G15,G20,G25,G35,G45,G55,G65,GIV,LJ4,LJ6,M82,M90"
501L,,F,E,E,,,"319,320,321,32V,605,733,734,735,736,738,73G,73H,73M,73W,73X,73Y,850,901,CCJ,CCX,CR2,CR7,CR9,E90,ER3,ER4,ERD,F70,G15,G20,G25,G35,G45,G55,G65,GIV,LJ4,LJ6,M82,M90"
502L,,F,E,E,,,"319,320,321,32V,605,733,734,735,736,738,73G,73H,73M,73W,73X,73Y,850,901,CCJ,CCX,CR2,CR7,CR9,E90,ER3,ER4,ERD,F70,G15,G20,G25,G35,G45,G55,G65,GIV,LJ4,LJ6,M82,M90"
503L,,F,E,E,,,"319,320,321,32V,605,733,734,735,736,738,73G,73H,73M,73W,73X,73Y,850,901,CCJ,CCX,CR2,CR7,CR9,E90,ER3,ER4,ERD,F70,G15,G20,G25,G35,G45,G55,G65,GIV,LJ4,LJ6,M82,M90"
504L,,F,E,E,,,"319,320,321,32V,605,733,734,735,736,738,73G,73H,73M,73W,73X,73Y,850,901,CCJ,CCX,CR2,CR7,CR9,E90,ER3,ER4,ERD,F70,G15,G20,G25,G35,G45,G55,G65,GIV,LJ4,LJ6,M82,M90"
505L,,F,E,E,,,"319,320,321,32V,605,733,734,735,736,738,73G,73H,73M,73W,73X,73Y,850,901,CCJ,CCX,CR2,CR7,CR9,E90,ER3,ER4,ERD,F70,G15,G20,G25,G35,G45,G55,G65,GIV,LJ4,LJ6,M82,M90"
506L,,F,E,E,,,"319,320,321,32V,605,733,734,735,736,738,73G,73H,73M,73W,73X,73Y,850,901,CCJ,CCX,CR2,CR7,CR9,E90,ER3,ER4,ERD,F70,G15,G20,G25,G35,G45,G55,G65,GIV,LJ4,LJ6,M82,M90"
507L,,F,E,E,,,"319,320,321,32V,605,733,734,735,736,738,73G,73H,73M,73W,73X,73Y,850,901,CCJ,CCX,CR2,CR7,CR9,E90,ER3,ER4,ERD,F70,G15,G20,G25,G35,G45,G55,G65,GIV,LJ4,LJ6,M82,M90"
508L,,F,E,E,,,"319,320,321,32V,605,733,734,735,736,738,73G,73H,73M,73W,73X,73Y,850,901,CCJ,CCX,CR2,CR7,CR9,E90,ER3,ER4,ERD,F70,G15,G20,G25,G35,G45,G55,G65,GIV,LJ4,LJ6,M82,M90"
509L,,F,E,E,,,"319,320,321,32V,605,733,734,735,736,738,73G,73H,73M,73W,73X,73Y,850,901,CCJ,CCX,CR2,CR7,CR9,E90,ER3,ER4,ERD,F70,G15,G20,G25,G35,G45,G55,G65,GIV,LJ4,LJ6,M82,M90"
510L,,F,E,E,,,"319,320,321,32V,605,733,734,735,736,738,73G,73H,73M,73W,73X,73Y,850,901,CCJ,CCX,CR2,CR7,CR9,E90,ER3,ER4,ERD,F70,G15,G20,G25,G35,G45,G55,G65,GIV,LJ4,LJ6,M82,M90"
511L,,F,E,E,,,"319,320,321,32V,605,733,734,735,736,738,73G,73H,73M,73W,73X,73Y,850,901,CCJ,CCX,CR2,CR7,CR9,E90,ER3,ER4,ERD,F70,G15,G20,G25,G35,G45,G55,G65,GIV,LJ4,LJ6,M82,M90"
512L,,F,E,E,,,"319,320,321,32V,605,733,734,735,736,738,73G,73H,73M,73W,73X,73Y,850,901,CCJ,CCX,CR2,CR7,CR9,E90,ER3,ER4,ERD,F70,G15,G20,G25,G35,G45,G55,G65,GIV,LJ4,LJ6,M82,M90"
513L,,F,E,E,,,"319,320,321,32V,605,733,734,735,736,738,73G,73H,73M,73W,73X,73Y,850,901,CCJ,CCX,CR2,CR7,CR9,E90,ER3,ER4,ERD,F70,G15,G20,G25,G35,G45,G55,G65,GIV,LJ4,LJ6,M82,M90"
514L,,F,E,E,,,"319,320,321,32V,605,733,734,735,736,738,73G,73H,73M,73W,73X,73Y,850,901,CCJ,CCX,CR2,CR7,CR9,E90,ER3,ER4,ERD,F70,G15,G20,G25,G35,G45,G55,G65,GIV,LJ4,LJ6,M82,M90"
L101,,F,L4,L4,,,"319,320,32V,732,733,734,735,736,738,73G,73H,73M,73W,73X,73Y,E90,ER4"
L103,,F,L4,L4,,,"319,320,32V,732,733,734,735,736,738,73G,73H,73M,73W,73X,73Y,E90,ER4"
L110,,F,L5,L5,,,"319,320,32V,732,733,734,735,736,738,73G,73H,73M,73W,73X,73Y,E90,ER4"
L113,,F,L6,L6,,,"319,320,32V,732,733,734,735,736,738,73G,73H,73M,73W,73X,73Y,E90,ER4"
L115,,F,L6,L6,,,"319,320,32V,732,733,734,735,736,738,73G,73H,73M,73W,73X,73Y,E90,ER4"
L121,,F,L7,L7,,,"319,320,32V,732,733,734,735,736,738,73G,73H,73M,73W,73X,73Y,E90,ER4"
L124,,F,L8,L8,,,"319,320,32V,732,733,734,735,736,738,73G,73H,73M,73W,73X,73Y,E90,ER4"
L126,,F,L8,L8,,,"319,320,32V,732,733,734,735,736,738,73G,73H,73M,73W,73X,73Y,E90,ER4"
L135,,F,L9,L9,,,"319,320,32V,732,733,734,735,736,738,73G,73H,73M,73W,73X,73Y,E90,ER4"
L138,,F,L9,L9,,,"319,320,32V,732,733,734,735,736,738,73G,73H,73M,73W,73X,73Y,E90,ER4"
L140,,F,L9,L9,,,"100,141,142,143,14Z,312,313,318,319,320,321,32B,32V,332,333,342,343,345,346,605,703,717,721,722,72B,72C,72S,731,732,733,734,735,736,738,739,73G,73H,73W,741,742,743,744,74C,74D,74E,74J,74L,74R,74T,74U,74V,752,753,762,763,764,772,773,788,789,850,901,A26,A28,A30,A32,A40,AB3,AB4,AB6,ABB,ABF,AN4,AN7,ANF,AR1,AR7,AR8,AT4,AT5,AT7,BBJ,BE1,BE2,BE3,C13,CCJ,CCX,CNJ,CNT,CR1,CR2,CR7,CR9,D10,D11,D28,D38,DC3,DC6,DC8,DC9,DF2,DF3,DFL,DH1,DH2,DH3,DH4,E70,E90,EMJ,ER3,ER4,ERD,ERJ,F50,F70,F90,FA7,FRJ,G15,G20,G25,G35,G45,G55,G65,GIV,H80,I14,I93,IL6,IL7,IL9,JS4,L10,LJ3,LJ4,LJ6,M11,M80,M81,M82,M83,M87,M88,M90,SF3,T20,TU3,TU5,X60,YK2,YK4,YN7,YN8"
L201,,F,J7,J7,,,"319,320,32V,732,733,734,735,736,738,73G,73H,73M,73W,73X,73Y,E90,ER4"
L203,,F,J6,J6,,,"319,320,32V,732,733,734,735,736,738,73G,73H,73M,73W,73X,73Y,E90,ER4"
L214,,F,J8,J8,,,"319,320,32V,732,733,734,735,736,738,73G,73H,73M,73W,73X,73Y,E90,ER4"
L216,,F,J8,J8,,,"319,320,32V,732,733,734,735,736,738,73G,73H,73M,73W,73X,73Y,E90,ER4"
L222,,F,J9,J9,,,"319,320,32V,732,733,734,735,736,738,73G,73H,73M,73W,73X,73Y,E90,ER4"
L224,,F,J11,J11,,,"319,320,32V,732,733,734,735,736,738,73G,73H,73M,73W,73X,73Y,E90,ER4"
L227,,F,J10,J10,,,"319,320,32V,732,733,734,735,736,738,73G,73H,73M,73W,73X,73Y,E90,ER4"
L235,,F,J11,J11,,,"319,320,32V,732,733,734,735,736,738,73G,73H,73M,73W,73X,73Y,E90,ER4"
L238,,F,J11,J11,,,"319,320,32V,732,733,734,735,736,738,73G,73H,73M,73W,73X,73Y,E90,ER4"
L301,,F,L3,L3,,,"319,320,32V,732,733,734,735,736,738,73G,73H,73M,73W,73X,73Y,E90,ER4"
L303,,F,L3,L3,,,"319,320,32V,732,733,734,735,736,738,73G,73H,73M,73W,73X,73Y,E90,ER4"
L515,,F,E,E,,,"100,141,142,143,14Z,312,313,318,319,320,321,32B,32V,332,333,342,343,345,346,605,703,717,721,722,72B,72C,72S,731,732,733,734,735,736,738,739,73G,73H,73W,741,742,743,744,74C,74D,74E,74J,74L,74R,74T,74U,74V,752,753,762,763,764,772,773,788,789,850,901,A26,A28,A30,A32,A40,AB3,AB4,AB6,ABB,ABF,AN4,AN7,ANF,AR1,AR7,AR8,AT4,AT5,AT7,BBJ,BE1,BE2,BE3,C13,CCJ,CCX,CNJ,CNT,CR1,CR2,CR7,CR9,D10,D11,D28,D38,DC3,DC6,DC8,DC9,DF2,DF3,DFL,DH1,DH2,DH3,DH4,E70,E90,EMJ,ER3,ER4,ERD,ERJ,F50,F70,F90,FA7,FRJ,G15,G20,G25,G35,G45,G55,G65,GIV,H80,I14,I93,IL6,IL7,IL9,JS4,L10,LJ3,LJ4,LJ6,M11,M80,M81,M82,M83,M87,M88,M90,SF3,T20,TU3,TU5,X60,YK2,YK4,YN7,YN8"
LGY03,,F,J12,J12,,,"319,320,32V,732,733,734,735,736,738,73G,73H,73M,73W,73X,73Y,E90,ER4"
LGY06,,F,J12,J12,,,"319,320,32V,732,733,734,735,736,738,73G,73H,73M,73W,73X,73Y,E90,ER4"
LGY07,,F,J12,J12,,,"319,320,32V,732,733,734,735,736,738,73G,73H,73M,73W,73X,73Y,E90,ER4"
LGY10,,F,L10,L10,,,"319,320,32V,732,733,734,735,736,738,73G,73H,73M,73W,73X,73Y,E90,ER4"
